ros-foxy-action-msgs	1.0.0-1focal.20230527.061324
ros-foxy-action-tutorials-cpp	0.9.4-1focal.20230527.082552
ros-foxy-action-tutorials-interfaces	0.9.4-1focal.20230527.061753
ros-foxy-action-tutorials-py	0.9.4-1focal.20230527.070748
ros-foxy-actionlib-msgs	2.0.5-1focal.20230527.061326
ros-foxy-ament-cmake	0.9.12-1focal.20230527.034003
ros-foxy-ament-cmake-auto	0.9.12-1focal.20230527.034115
ros-foxy-ament-cmake-copyright	0.9.8-1focal.20230527.040734
ros-foxy-ament-cmake-core	0.9.12-1focal.20230527.032629
ros-foxy-ament-cmake-cppcheck	0.9.8-1focal.20230527.041005
ros-foxy-ament-cmake-cpplint	0.9.8-1focal.20230527.044538
ros-foxy-ament-cmake-export-definitions	0.9.12-1focal.20230527.033821
ros-foxy-ament-cmake-export-dependencies	0.9.12-1focal.20230527.033904
ros-foxy-ament-cmake-export-include-directories	0.9.12-1focal.20230527.033816
ros-foxy-ament-cmake-export-interfaces	0.9.12-1focal.20230527.033600
ros-foxy-ament-cmake-export-libraries	0.9.12-1focal.20230527.033536
ros-foxy-ament-cmake-export-link-flags	0.9.12-1focal.20230527.033819
ros-foxy-ament-cmake-export-targets	0.9.12-1focal.20230527.033602
ros-foxy-ament-cmake-flake8	0.9.8-1focal.20230527.041059
ros-foxy-ament-cmake-gmock	0.9.12-1focal.20230527.040917
ros-foxy-ament-cmake-gtest	0.9.12-1focal.20230527.040644
ros-foxy-ament-cmake-include-directories	0.9.12-1focal.20230527.033849
ros-foxy-ament-cmake-libraries	0.9.12-1focal.20230527.033841
ros-foxy-ament-cmake-lint-cmake	0.9.8-1focal.20230527.040626
ros-foxy-ament-cmake-pep257	0.9.8-1focal.20230527.041105
ros-foxy-ament-cmake-pytest	0.9.12-1focal.20230527.043854
ros-foxy-ament-cmake-python	0.9.12-1focal.20230527.033817
ros-foxy-ament-cmake-ros	0.9.2-1focal.20230527.045739
ros-foxy-ament-cmake-target-dependencies	0.9.12-1focal.20230527.033914
ros-foxy-ament-cmake-test	0.9.12-1focal.20230527.033843
ros-foxy-ament-cmake-uncrustify	0.9.8-1focal.20230527.040848
ros-foxy-ament-cmake-version	0.9.12-1focal.20230527.033844
ros-foxy-ament-cmake-xmllint	0.9.8-1focal.20230527.041123
ros-foxy-ament-copyright	0.9.8-1focal.20230527.040308
ros-foxy-ament-cppcheck	0.9.8-1focal.20230527.033907
ros-foxy-ament-cpplint	0.9.8-1focal.20230527.044409
ros-foxy-ament-flake8	0.9.8-1focal.20230527.034018
ros-foxy-ament-index-cpp	1.1.0-1focal.20230527.044824
ros-foxy-ament-index-python	1.1.0-1focal.20230527.040511
ros-foxy-ament-lint	0.9.8-1focal.20230527.033909
ros-foxy-ament-lint-auto	0.9.8-1focal.20230527.034012
ros-foxy-ament-lint-cmake	0.9.8-1focal.20230527.040514
ros-foxy-ament-lint-common	0.9.8-1focal.20230527.044618
ros-foxy-ament-package	0.9.5-1focal.20210422.231141
ros-foxy-ament-pep257	0.9.8-1focal.20230527.040159
ros-foxy-ament-uncrustify	0.9.8-1focal.20230527.034242
ros-foxy-ament-xmllint	0.9.8-1focal.20230527.040536
ros-foxy-angles	1.12.6-1focal.20230527.034611
ros-foxy-behaviortree-cpp-v3	3.8.3-3focal.20230527.081407
ros-foxy-builtin-interfaces	1.0.0-1focal.20230527.052241
ros-foxy-can-msgs	2.0.0-1focal.20230527.054117
ros-foxy-class-loader	2.0.3-1focal.20230527.051208
ros-foxy-common-interfaces	2.0.5-1focal.20230527.062341
ros-foxy-composition	0.9.4-1focal.20230527.082555
ros-foxy-composition-interfaces	1.0.0-1focal.20230527.052959
ros-foxy-console-bridge-vendor	1.2.4-1focal.20230527.045200
ros-foxy-costmap-queue	0.4.7-1focal.20230606.051758
ros-foxy-cv-bridge	3.0.7-1focal.20230527.055710
ros-foxy-demo-nodes-cpp	0.9.4-1focal.20230527.082558
ros-foxy-demo-nodes-cpp-native	0.9.4-1focal.20230527.082941
ros-foxy-demo-nodes-py	0.9.4-1focal.20230527.070748
ros-foxy-depthimage-to-laserscan	2.3.1-1focal.20230527.083858
ros-foxy-desktop	0.9.2-1focal.20230606.054757
ros-foxy-diagnostic-msgs	2.0.5-1focal.20230527.054733
ros-foxy-diagnostic-updater	3.1.2-1focal.20230527.082732
ros-foxy-domain-coordinator	0.9.2-1focal.20230527.040545
ros-foxy-dummy-map-server	0.9.4-1focal.20230527.075555
ros-foxy-dummy-robot-bringup	0.9.4-1focal.20230606.043645
ros-foxy-dummy-sensors	0.9.4-1focal.20230527.075558
ros-foxy-dwb-core	0.4.7-1focal.20230606.051009
ros-foxy-dwb-critics	0.4.7-1focal.20230606.052028
ros-foxy-dwb-msgs	0.4.7-1focal.20230527.055714
ros-foxy-dwb-plugins	0.4.7-1focal.20230606.051358
ros-foxy-eigen3-cmake-module	0.1.1-1focal.20230527.041126
ros-foxy-example-interfaces	0.9.1-1focal.20230527.062348
ros-foxy-examples-rclcpp-minimal-action-client	0.9.4-1focal.20230527.081911
ros-foxy-examples-rclcpp-minimal-action-server	0.9.4-1focal.20230527.081913
ros-foxy-examples-rclcpp-minimal-client	0.9.4-1focal.20230527.082306
ros-foxy-examples-rclcpp-minimal-composition	0.9.4-1focal.20230527.083901
ros-foxy-examples-rclcpp-minimal-publisher	0.9.4-1focal.20230527.075616
ros-foxy-examples-rclcpp-minimal-service	0.9.4-1focal.20230527.082308
ros-foxy-examples-rclcpp-minimal-subscriber	0.9.4-1focal.20230527.075636
ros-foxy-examples-rclcpp-minimal-timer	0.9.4-1focal.20230527.075645
ros-foxy-examples-rclcpp-multithreaded-executor	0.9.4-1focal.20230527.075724
ros-foxy-examples-rclpy-executors	0.9.4-1focal.20230527.070816
ros-foxy-examples-rclpy-minimal-action-client	0.9.4-1focal.20230527.070749
ros-foxy-examples-rclpy-minimal-action-server	0.9.4-1focal.20230527.070748
ros-foxy-examples-rclpy-minimal-client	0.9.4-1focal.20230527.070748
ros-foxy-examples-rclpy-minimal-publisher	0.9.4-1focal.20230527.070829
ros-foxy-examples-rclpy-minimal-service	0.9.4-1focal.20230527.070752
ros-foxy-examples-rclpy-minimal-subscriber	0.9.4-1focal.20230527.070819
ros-foxy-fastcdr	1.0.13-1focal.20230527.033526
ros-foxy-fastrtps	2.1.4-1focal.20230527.042032
ros-foxy-fastrtps-cmake-module	1.0.4-1focal.20230527.045201
ros-foxy-foonathan-memory-vendor	1.2.0-1focal.20230527.041836
ros-foxy-geographic-msgs	1.0.4-1focal.20230527.055427
ros-foxy-geometry-msgs	2.0.5-1focal.20230527.054419
ros-foxy-geometry2	0.13.14-1focal.20230606.042034
ros-foxy-gmock-vendor	1.8.9001-1focal.20230527.040816
ros-foxy-gtest-vendor	1.8.9001-1focal.20230527.040619
ros-foxy-image-geometry	3.0.7-1focal.20230527.055711
ros-foxy-image-tools	0.9.4-1focal.20230527.082937
ros-foxy-image-transport	2.4.0-1focal.20230606.034519
ros-foxy-interactive-markers	2.1.3-1focal.20230606.044409
ros-foxy-intra-process-demo	0.9.4-1focal.20230527.075858
ros-foxy-joint-state-publisher	2.2.0-1focal.20230527.071629
ros-foxy-joy	3.0.1-1focal.20230527.084030
ros-foxy-kdl-parser	2.4.1-2focal.20230527.050929
ros-foxy-laser-geometry	2.2.0-3focal.20230527.075856
ros-foxy-launch	0.10.10-1focal.20230527.042114
ros-foxy-launch-ros	0.11.7-1focal.20230527.070924
ros-foxy-launch-testing	0.10.10-1focal.20230527.042328
ros-foxy-launch-testing-ament-cmake	0.10.10-1focal.20230527.045532
ros-foxy-launch-testing-ros	0.11.7-1focal.20230527.071336
ros-foxy-launch-xml	0.10.10-1focal.20230527.042403
ros-foxy-launch-yaml	0.10.10-1focal.20230527.044551
ros-foxy-libcurl-vendor	2.3.4-1focal.20230527.034810
ros-foxy-libstatistics-collector	1.0.2-1focal.20230527.065734
ros-foxy-libyaml-vendor	1.0.4-1focal.20230527.051235
ros-foxy-lifecycle	0.9.4-1focal.20230527.083445
ros-foxy-lifecycle-msgs	1.0.0-1focal.20230527.052241
ros-foxy-logging-demo	0.9.4-1focal.20230527.083111
ros-foxy-map-msgs	2.0.2-2focal.20230527.055728
ros-foxy-message-filters	3.2.7-1focal.20230606.034003
ros-foxy-nav-2d-msgs	0.4.7-1focal.20230527.055601
ros-foxy-nav-2d-utils	0.4.7-1focal.20230606.044540
ros-foxy-nav-msgs	2.0.5-1focal.20230527.054845
ros-foxy-nav2-amcl	0.4.7-1focal.20230606.042828
ros-foxy-nav2-behavior-tree	0.4.7-1focal.20230606.043006
ros-foxy-nav2-bringup	0.4.7-1focal.20230606.055931
ros-foxy-nav2-bt-navigator	0.4.7-1focal.20230606.044241
ros-foxy-nav2-common	0.4.7-1focal.20230527.071220
ros-foxy-nav2-controller	0.4.7-1focal.20230606.051342
ros-foxy-nav2-core	0.4.7-1focal.20230606.050803
ros-foxy-nav2-costmap-2d	0.4.7-1focal.20230606.045952
ros-foxy-nav2-dwb-controller	0.4.7-1focal.20230606.052337
ros-foxy-nav2-lifecycle-manager	0.4.7-1focal.20230606.044505
ros-foxy-nav2-map-server	0.4.7-1focal.20230606.045504
ros-foxy-nav2-msgs	0.4.7-1focal.20230527.085358
ros-foxy-nav2-navfn-planner	0.4.7-1focal.20230606.051031
ros-foxy-nav2-planner	0.4.7-1focal.20230606.051151
ros-foxy-nav2-recoveries	0.4.7-1focal.20230606.051341
ros-foxy-nav2-regulated-pure-pursuit-controller	0.4.7-1focal.20230606.051344
ros-foxy-nav2-rviz-plugins	0.4.7-1focal.20230606.054332
ros-foxy-nav2-util	0.4.7-1focal.20230606.042253
ros-foxy-nav2-voxel-grid	0.4.7-1focal.20230527.085818
ros-foxy-nav2-waypoint-follower	0.4.7-1focal.20230606.043015
ros-foxy-navigation2	0.4.7-1focal.20230606.055548
ros-foxy-nmea-msgs	2.0.0-1focal.20230527.054029
ros-foxy-ompl	1.5.0-1focal.20230527.041911
ros-foxy-orocos-kdl	3.3.5-1focal.20230527.041439
ros-foxy-osrf-pycommon	0.1.11-1focal.20230527.042013
ros-foxy-pcl-conversions	2.2.1-1focal.20230606.034520
ros-foxy-pcl-msgs	1.0.0-2focal.20230527.060114
ros-foxy-pendulum-control	0.9.4-1focal.20230527.081400
ros-foxy-pendulum-msgs	0.9.4-1focal.20230527.052544
ros-foxy-pluginlib	2.5.4-1focal.20230527.051434
ros-foxy-python-cmake-module	0.8.1-1focal.20230527.045404
ros-foxy-python-qt-binding	1.0.6-2focal.20230527.045449
ros-foxy-qt-dotgraph	1.1.3-1focal.20230527.051929
ros-foxy-qt-gui	1.1.3-1focal.20230527.045759
ros-foxy-qt-gui-cpp	1.1.3-1focal.20230527.051647
ros-foxy-qt-gui-py-common	1.1.3-1focal.20230527.050829
ros-foxy-quality-of-service-demo-cpp	0.9.4-1focal.20230527.085350
ros-foxy-quality-of-service-demo-py	0.9.4-1focal.20230527.070949
ros-foxy-rcl	1.1.14-1focal.20230527.064949
ros-foxy-rcl-action	1.1.14-1focal.20230527.065734
ros-foxy-rcl-interfaces	1.0.0-1focal.20230527.052551
ros-foxy-rcl-lifecycle	1.1.14-1focal.20230527.065734
ros-foxy-rcl-logging-spdlog	1.1.0-1focal.20230527.051207
ros-foxy-rcl-yaml-param-parser	1.1.14-1focal.20230527.051509
ros-foxy-rclcpp	2.4.3-1focal.20230527.072753
ros-foxy-rclcpp-action	2.4.3-1focal.20230527.081314
ros-foxy-rclcpp-components	2.4.3-1focal.20230527.082118
ros-foxy-rclcpp-lifecycle	2.4.3-1focal.20230527.082123
ros-foxy-rclpy	1.0.13-1focal.20230527.070432
ros-foxy-rcpputils	1.3.2-1focal.20230527.050637
ros-foxy-rcutils	1.1.5-1focal.20230527.050146
ros-foxy-resource-retriever	2.3.4-1focal.20230527.050209
ros-foxy-rmw	1.0.4-1focal.20230527.050902
ros-foxy-rmw-connext-cpp	
ros-foxy-rmw-dds-common	1.0.3-1focal.20230527.052241
ros-foxy-rmw-fastrtps-cpp	1.3.2-1focal.20230527.064419
ros-foxy-rmw-fastrtps-shared-cpp	1.3.2-1focal.20230527.052644
ros-foxy-rmw-implementation	1.0.3-1focal.20230527.064741
ros-foxy-rmw-implementation-cmake	1.0.4-1focal.20230527.045456
ros-foxy-robot-localization	3.1.2-1focal.20230606.041600
ros-foxy-robot-state-publisher	2.4.5-1focal.20230606.035841
ros-foxy-ros-base	0.9.2-1focal.20230606.043331
ros-foxy-ros-core	0.9.2-1focal.20230527.090016
ros-foxy-ros-environment	2.5.1-1focal.20230527.033846
ros-foxy-ros-workspace	1.0.2-1focal.20230527.033103
ros-foxy-ros2action	0.9.13-1focal.20230527.072126
ros-foxy-ros2bag	0.3.11-1focal.20230531.181528
ros-foxy-ros2cli	0.9.13-1focal.20230527.071202
ros-foxy-ros2component	0.9.13-1focal.20230527.083435
ros-foxy-ros2doctor	0.9.13-1focal.20230527.072131
ros-foxy-ros2interface	0.9.13-1focal.20230527.072135
ros-foxy-ros2launch	0.11.7-1focal.20230527.072558
ros-foxy-ros2lifecycle	0.9.13-1focal.20230527.085611
ros-foxy-ros2multicast	0.9.13-1focal.20230527.071620
ros-foxy-ros2node	0.9.13-1focal.20230527.072141
ros-foxy-ros2param	0.9.13-1focal.20230527.072601
ros-foxy-ros2pkg	0.9.13-1focal.20230527.072142
ros-foxy-ros2run	0.9.13-1focal.20230527.072601
ros-foxy-ros2service	0.9.13-1focal.20230527.072144
ros-foxy-ros2topic	0.9.13-1focal.20230527.072146
ros-foxy-rosbag2	0.3.11-1focal.20230531.182104
ros-foxy-rosbag2-compression	0.3.11-1focal.20230531.180149
ros-foxy-rosbag2-converter-default-plugins	0.3.11-1focal.20230531.180149
ros-foxy-rosbag2-cpp	0.3.11-1focal.20230531.175714
ros-foxy-rosbag2-storage	0.3.11-1focal.20230531.175541
ros-foxy-rosbag2-storage-default-plugins	0.3.11-1focal.20230531.180022
ros-foxy-rosbag2-transport	0.3.11-1focal.20230531.180609
ros-foxy-rosgraph-msgs	1.0.0-1focal.20230527.053100
ros-foxy-rosidl-adapter	1.3.1-1focal.20230527.044805
ros-foxy-rosidl-cmake	1.3.1-1focal.20230527.045122
ros-foxy-rosidl-default-generators	1.0.1-1focal.20230527.052209
ros-foxy-rosidl-default-runtime	1.0.1-1focal.20230527.052208
ros-foxy-rosidl-generator-c	1.3.1-1focal.20230527.050858
ros-foxy-rosidl-generator-cpp	1.3.1-1focal.20230527.051037
ros-foxy-rosidl-generator-py	0.9.7-1focal.20230527.051854
ros-foxy-rosidl-parser	1.3.1-1focal.20230527.044949
ros-foxy-rosidl-runtime-c	1.3.1-1focal.20230527.050613
ros-foxy-rosidl-runtime-cpp	1.3.1-1focal.20230527.045011
ros-foxy-rosidl-runtime-py	0.9.1-1focal.20230527.064528
ros-foxy-rosidl-typesupport-c	1.0.3-1focal.20230527.051637
ros-foxy-rosidl-typesupport-connext-c	
ros-foxy-rosidl-typesupport-connext-cpp	
ros-foxy-rosidl-typesupport-cpp	1.0.3-1focal.20230527.051851
ros-foxy-rosidl-typesupport-fastrtps-c	1.0.4-1focal.20230527.051617
ros-foxy-rosidl-typesupport-fastrtps-cpp	1.0.4-1focal.20230527.051412
ros-foxy-rosidl-typesupport-interface	1.3.1-1focal.20230527.044811
ros-foxy-rosidl-typesupport-introspection-c	1.3.1-1focal.20230527.050900
ros-foxy-rosidl-typesupport-introspection-cpp	1.3.1-1focal.20230527.051050
ros-foxy-rpyutils	0.2.0-1focal.20230527.040658
ros-foxy-rqt-action	1.0.2-1focal.20230527.072303
ros-foxy-rqt-common-plugins	1.0.0-1focal.20230606.043905
ros-foxy-rqt-console	1.1.2-1focal.20230527.072030
ros-foxy-rqt-graph	1.1.3-1focal.20230527.072106
ros-foxy-rqt-gui	1.1.2-1focal.20230527.071209
ros-foxy-rqt-gui-cpp	1.1.2-1focal.20230527.082304
ros-foxy-rqt-gui-py	1.1.2-1focal.20230527.071626
ros-foxy-rqt-image-view	1.1.1-1focal.20230606.035722
ros-foxy-rqt-msg	1.1.1-1focal.20230527.072153
ros-foxy-rqt-plot	1.1.1-1focal.20230527.072113
ros-foxy-rqt-publisher	1.3.0-1focal.20230527.072112
ros-foxy-rqt-py-common	1.1.2-1focal.20230527.071217
ros-foxy-rqt-py-console	1.0.2-1focal.20230527.072121
ros-foxy-rqt-reconfigure	1.0.8-1focal.20230527.072243
ros-foxy-rqt-service-caller	1.0.5-1focal.20230527.072508
ros-foxy-rqt-shell	1.0.2-1focal.20230527.072511
ros-foxy-rqt-srv	1.0.3-1focal.20230527.072327
ros-foxy-rqt-top	1.0.2-1focal.20230527.072513
ros-foxy-rqt-topic	1.3.0-2focal.20230527.072614
ros-foxy-rttest	0.9.0-1focal.20230527.045542
ros-foxy-rviz-assimp-vendor	8.2.8-1focal.20230527.035442
ros-foxy-rviz-common	8.2.8-1focal.20230606.040648
ros-foxy-rviz-default-plugins	8.2.8-1focal.20230606.045228
ros-foxy-rviz-ogre-vendor	8.2.8-1focal.20230527.035528
ros-foxy-rviz-rendering	8.2.8-1focal.20230527.050422
ros-foxy-rviz2	8.2.8-1focal.20230606.054331
ros-foxy-sdl2-vendor	3.0.1-1focal.20230527.035542
ros-foxy-sensor-msgs	2.0.5-1focal.20230527.055054
ros-foxy-sensor-msgs-py	2.0.5-1focal.20230527.060222
ros-foxy-shape-msgs	2.0.5-1focal.20230527.060649
ros-foxy-shared-queues-vendor	0.3.11-1focal.20230531.174803
ros-foxy-slam-toolbox	2.4.1-1focal.20230606.054336
ros-foxy-smac-planner	0.4.7-1focal.20230606.051216
ros-foxy-spdlog-vendor	1.1.3-1focal.20230527.045643
ros-foxy-sqlite3-vendor	0.3.11-1focal.20230531.175046
ros-foxy-sros2	0.9.5-1focal.20230527.072148
ros-foxy-sros2-cmake	0.9.5-1focal.20230527.072510
ros-foxy-statistics-msgs	1.0.0-1focal.20230527.053108
ros-foxy-std-msgs	2.0.5-1focal.20230527.053140
ros-foxy-std-srvs	2.0.5-1focal.20230527.053223
ros-foxy-stereo-msgs	2.0.5-1focal.20230527.060244
ros-foxy-tango-icons-vendor	0.1.0-1focal.20230527.045656
ros-foxy-teleop-twist-joy	2.4.3-1focal.20230527.084346
ros-foxy-teleop-twist-keyboard	2.3.2-1focal.20230527.071648
ros-foxy-test-msgs	1.0.0-1focal.20230527.062155
ros-foxy-tf-transformations	1.0.2-1focal.20230527.040338
ros-foxy-tf2	0.13.14-1focal.20230527.060805
ros-foxy-tf2-bullet	0.13.14-1focal.20230606.040358
ros-foxy-tf2-eigen	0.13.14-1focal.20230606.040410
ros-foxy-tf2-geometry-msgs	0.13.14-1focal.20230606.040417
ros-foxy-tf2-kdl	0.13.14-1focal.20230606.040423
ros-foxy-tf2-msgs	0.13.14-1focal.20230527.062217
ros-foxy-tf2-py	0.13.14-1focal.20230527.071941
ros-foxy-tf2-ros	0.13.14-1focal.20230606.034740
ros-foxy-tf2-sensor-msgs	0.13.14-1focal.20230606.040425
ros-foxy-tf2-tools	0.13.14-1focal.20230606.040506
ros-foxy-tinyxml-vendor	0.8.2-1focal.20230527.035859
ros-foxy-tinyxml2-vendor	0.7.4-1focal.20230527.035815
ros-foxy-tlsf	0.5.0-1focal.20230527.045656
ros-foxy-tlsf-cpp	0.9.0-1focal.20230527.081054
ros-foxy-topic-monitor	0.9.4-1focal.20230527.071615
ros-foxy-tracetools	1.0.5-2focal.20230527.050452
ros-foxy-trajectory-msgs	2.0.5-1focal.20230527.060805
ros-foxy-turtlesim	1.2.6-1focal.20230527.082058
ros-foxy-uncrustify-vendor	1.4.0-1focal.20230527.034120
ros-foxy-unique-identifier-msgs	2.1.3-1focal.20230527.053240
ros-foxy-urdf	2.4.0-2focal.20230527.050713
ros-foxy-urdfdom	2.3.3-1focal.20230527.045357
ros-foxy-urdfdom-headers	1.0.5-1focal.20230527.033739
ros-foxy-visualization-msgs	2.0.5-1focal.20230527.061156
ros-foxy-xacro	2.0.7-1focal.20230527.044107
ros-foxy-yaml-cpp-vendor	7.0.3-1focal.20230527.040053
ros-foxy-zstd-vendor	0.3.11-1focal.20230531.175008
